{
  "camera_matrix": [
    [
      890.7737827895347,
      0.0,
      781.7556122258746
    ],
    [
      0.0,
      890.7833565935993,
      597.090847768463
    ],
    [
      0.0,
      0.0,
      1.0
    ]
  ],
  "distortion_coefficients": [
    -0.12950731066419688,
    0.10768448523366582,
    0.0015035897716258481,
    4.419238481287759e-05,
    0.0010201516879742927,
    0.1694465734402123,
    0.05154804944109683,
    0.026620051639268567
  ],
  "resolution": [
    1600,
    1200
  ],
  "version": 1,
  "serial": "547891",
  "extrinsics_affine_matrix": [
    [
      1.0,
      0.0,
      0.0,
      0.0
    ],
    [
      0.0,
      1.0,
      0.0,
      0.0
    ],
    [
      0.0,
      0.0,
      1.0,
      0.0
    ],
    [
      0.0,
      0.0,
      0.0,
      1.0
    ]
  ]
}